filename,status,session,left_class,right_class,reason
Photo on 2026-08-11 at 13.18.jpg,in-set,primary-13xx,openhand,openhand,original
Photo on 2026-08-11 at 13.19.jpg,in-set,primary-13xx,closedhand,closedhand,original
Photo on 2026-08-11 at 13.20.jpg,in-set,primary-13xx,closedhand,openhand,original
Photo on 2026-08-11 at 13.21.jpg,in-set,primary-13xx,thumbout,closedhand,original
Photo on 2026-08-11 at 13.21 #2.jpg,in-set,primary-13xx,openhand,thumbout,original
Photo on 2026-08-11 at 13.22.jpg,in-set,primary-13xx,closedhand,thumbout,original
Photo on 2026-08-11 at 13.22 #2.jpg,in-set,primary-13xx,openhand,closedhand,original
Photo on 2026-08-11 at 13.24.jpg,in-set,primary-13xx,closedhand,openhand,original
Photo on 2026-08-11 at 13.24 #2.jpg,in-set,primary-13xx,thumbout,closedhand,original
Photo on 2026-08-11 at 13.24 #3.jpg,in-set,primary-13xx,openhand,thumbout,original
Photo on 2026-08-11 at 13.25 #4.jpg,in-set,primary-13xx,openhand,closedhand,original
Photo on 2026-08-11 at 13.26.jpg,in-set,primary-13xx,closedhand,closedhand,original
Photo on 2026-08-11 at 13.27 #2.jpg,in-set,primary-13xx,openhand,openhand,original
Photo on 2026-08-11 at 13.28 #2.jpg,in-set,primary-13xx,closedhand,openhand,original
Photo on 2026-08-11 at 13.28 #3.jpg,in-set,primary-13xx,thumbout,closedhand,original
Photo on 2026-08-11 at 13.29.jpg,in-set,primary-13xx,openhand,thumbout,original
Photo on 2026-08-11 at 13.29 #3.jpg,in-set,primary-13xx,closedhand,thumbout,original
Photo on 2026-08-11 at 13.30.jpg,in-set,primary-13xx,openhand,closedhand,original
Photo on 2026-08-11 at 13.31.jpg,in-set,primary-13xx,closedhand,openhand,original
Photo on 2026-08-11 at 13.32.jpg,in-set,primary-13xx,thumbout,closedhand,original
Photo on 2026-08-11 at 13.32 #2.jpg,in-set,primary-13xx,openhand,thumbout,original
Photo on 2026-08-11 at 13.32 #4.jpg,in-set,primary-13xx,closedhand,thumbout,original
Photo on 2026-08-11 at 13.32 #5.jpg,in-set,primary-13xx,openhand,closedhand,original
Photo on 2026-08-11 at 13.36.jpg,in-set,primary-13xx,thumbout,thumbout,original
Photo on 2026-08-11 at 13.36 #2.jpg,in-set,primary-13xx,openhand,openhand,original
Photo on 2026-08-11 at 13.36 #3.jpg,in-set,primary-13xx,thumbout,closedhand,original
Photo on 2026-08-11 at 13.37 #2.jpg,in-set,primary-13xx,thumbout,openhand,original
Photo on 2026-08-11 at 13.37 #3.jpg,in-set,primary-13xx,thumbout,closedhand,original
Photo on 2026-08-11 at 13.38.jpg,in-set,primary-13xx,openhand,thumbout,original
Photo on 2026-08-11 at 13.38 #2.jpg,in-set,primary-13xx,thumbout,openhand,original
Photo on 2026-08-11 at 13.38 #3.jpg,in-set,primary-13xx,closedhand,thumbout,original
Photo on 2026-08-11 at 13.38 #4.jpg,in-set,primary-13xx,openhand,closedhand,original
Photo on 2026-08-11 at 13.39.jpg,in-set,primary-13xx,closedhand,openhand,original
Photo on 2026-08-11 at 13.39 #2.jpg,in-set,primary-13xx,closedhand,openhand,original
Photo on 2026-08-11 at 13.39 #3.jpg,in-set,primary-13xx,thumbout,closedhand,original
Photo on 2026-08-11 at 13.40.jpg,in-set,primary-13xx,openhand,thumbout,original
Photo on 2026-08-11 at 13.40 #2.jpg,in-set,primary-13xx,thumbout,openhand,original
Photo on 2026-08-11 at 13.40 #3.jpg,in-set,primary-13xx,thumbout,thumbout,original
Photo on 2026-08-11 at 13.40 #4.jpg,in-set,primary-13xx,openhand,closedhand,original
Photo on 2026-08-11 at 13.42.jpg,in-set,primary-13xx,openhand,openhand,original
Photo on 2026-08-11 at 13.42 #2.jpg,in-set,primary-13xx,thumbout,thumbout,original
Photo on 2026-08-11 at 13.42 #3.jpg,in-set,primary-13xx,closedhand,closedhand,original
Photo on 2026-08-11 at 13.43.jpg,in-set,primary-13xx,closedhand,openhand,original
Photo on 2026-08-11 at 13.43 #2.jpg,in-set,primary-13xx,thumbout,thumbout,original
Photo on 2026-08-11 at 13.43 #3.jpg,in-set,primary-13xx,openhand,thumbout,original
Photo on 2026-08-11 at 13.45.jpg,in-set,primary-13xx,thumbout,openhand,original
Photo on 2026-08-11 at 13.45 #2.jpg,in-set,primary-13xx,thumbout,thumbout,original
Photo on 2026-08-11 at 13.45 #3.jpg,in-set,primary-13xx,openhand,closedhand,original
Photo on 2026-08-11 at 13.46.jpg,in-set,primary-13xx,thumbout,openhand,original
Photo on 2026-08-11 at 13.46 #2.jpg,in-set,primary-13xx,thumbout,closedhand,original
Photo on 2026-08-11 at 13.47.jpg,in-set,primary-13xx,openhand,thumbout,original
Photo on 2026-08-11 at 13.47 #2.jpg,in-set,primary-13xx,thumbout,openhand,original
Photo on 2026-08-11 at 13.47 #3.jpg,in-set,primary-13xx,closedhand,thumbout,original
Photo on 2026-08-11 at 13.47 #4.jpg,in-set,primary-13xx,openhand,closedhand,original
Photo on 2026-08-11 at 16.45.jpg,in-set,retake-1649,thumbout,closedhand,replacement for class balance
Photo on 2026-08-11 at 16.46.jpg,in-set,retake-1649,openhand,closedhand,replacement for class balance
Photo on 2026-08-11 at 16.46 #2.jpg,in-set,retake-1649,thumbout,closedhand,replacement for class balance
Photo on 2026-08-11 at 16.49.jpg,in-set,retake-1649,thumbout,closedhand,replacement for class balance
Photo on 2026-08-11 at 16.49 #2.jpg,in-set,retake-1649,openhand,closedhand,replacement for class balance
Photo on 2026-08-11 at 16.49 #3.jpg,in-set,retake-1649,closedhand,openhand,replacement for class balance
Photo on 2026-08-11 at 13.19 #2.jpg,retired,primary-13xx,thumbout,thumbout,surplus thumbout; retired to reach 40/40/40
Photo on 2026-08-11 at 13.25 #2.jpg,retired,primary-13xx,thumbout,thumbout,surplus thumbout; retired to reach 40/40/40
Photo on 2026-08-11 at 13.27.jpg,retired,primary-13xx,thumbout,thumbout,surplus thumbout; retired to reach 40/40/40
Photo on 2026-08-11 at 13.25.jpg,retired,primary-13xx,thumbout,openhand,surplus thumbout; retired to reach 40/40/40
Photo on 2026-08-11 at 13.29 #2.jpg,retired,primary-13xx,thumbout,openhand,surplus thumbout; retired to reach 40/40/40
Photo on 2026-08-11 at 13.32 #3.jpg,retired,primary-13xx,thumbout,openhand,surplus thumbout; retired to reach 40/40/40
